{
    "features": [
        "LotArea",
        "LotArea_sqrt",
        "LotArea_log",
        "GrLivArea",
        "GrLivArea_sqrt",
        "GrLivArea_log",
        "Total_SF",
        "Total_SF_sqrt",
        "Total_SF_log",
        "Total_Bsmt_SF",
        "Total_Bsmt_SF_sqrt",
        "OverallQual",
        "OverallCond",
        "Quality_Living",
        "Quality_Bsmt",
        "Quality_Age",
        "Util_Qual",
        "House_Age",
        "House_Age_sqrt",
        "Remod_Age",
        "Age_at_Sale",
        "Garage_Age",
        "TotRmsAbvGrd",
        "Total_Bath",
        "BedroomAbvGr",
        "Rooms_per_SF",
        "Bed_Bath_Ratio",
        "GarageCars",
        "GarageArea",
        "GarageArea_per_Car",
        "Has_Finished_Bsmt",
        "WoodDeckSF",
        "Porch_SF",
        "Outdoor_SF",
        "Has_Deck",
        "Has_Porch",
        "Has_Fireplace",
        "Has_Pool",
        "Fireplaces_per_Room",
        "Bsmt_Ratio",
        "Bsmt_Bath_Ratio",
        "MoSold",
        "Sale_Month_sin",
        "Sale_Month_cos",
        "Living_Area_Index",
        "Property_Score",
        "SF_per_Room",
        "ExterQual_num"
    ],
    "coefficients": {
        "LotArea": 0.005118703255783447,
        "LotArea_sqrt": 0.006665040624956729,
        "LotArea_log": 0.0054849448869032135,
        "GrLivArea": 0.0019217546576148347,
        "GrLivArea_sqrt": 0.0026783248766149943,
        "GrLivArea_log": 0.003149860867539823,
        "Total_SF": 0.0031073004548513314,
        "Total_SF_sqrt": 0.004569819449046912,
        "Total_SF_log": 0.0029667893822745085,
        "Total_Bsmt_SF": 0.005942846442359689,
        "Total_Bsmt_SF_sqrt": 0.0052772031027576915,
        "OverallQual": 0.018683174240198608,
        "OverallCond": 0.003074410966911362,
        "Quality_Living": 0.31229768894520554,
        "Quality_Bsmt": 0.11354340573118334,
        "Quality_Age": 0.03305104568091116,
        "Util_Qual": 0.0030851428161070287,
        "House_Age": 0.004986575757079652,
        "House_Age_sqrt": 0.004016372780469949,
        "Remod_Age": 0.012973677726085715,
        "Age_at_Sale": 0.010836142025962645,
        "Garage_Age": 0.0038399542642054848,
        "TotRmsAbvGrd": 0.0018342781665578068,
        "Total_Bath": 0.008391519865698619,
        "BedroomAbvGr": 0.0007928114775622727,
        "Rooms_per_SF": 0.005417654848504713,
        "Bed_Bath_Ratio": 0.004005981863542385,
        "GarageCars": 0.012911886885028435,
        "GarageArea": 0.006868369025752678,
        "GarageArea_per_Car": 0.005224613043091712,
        "Has_Finished_Bsmt": 0.002188642513878488,
        "WoodDeckSF": 0.0033672139709817555,
        "Porch_SF": 0.004531120920081448,
        "Outdoor_SF": 0.006305741975709827,
        "Has_Deck": 0.00010393077283316039,
        "Has_Porch": 8.01032246349134e-05,
        "Has_Fireplace": 0.0023357293182223516,
        "Has_Pool": 0.00013383980002793305,
        "Fireplaces_per_Room": 0.0052736162011116595,
        "Bsmt_Ratio": 0.02255920525143,
        "Bsmt_Bath_Ratio": 0.007631400104788249,
        "MoSold": 0.0024746335257880532,
        "Sale_Month_sin": 0.001262465227617931,
        "Sale_Month_cos": 0.0015702849804708368,
        "Living_Area_Index": 0.28876743479133643,
        "Property_Score": 0.027834946087663046,
        "SF_per_Room": 0.008585997914826003,
        "ExterQual_num": 0.0022763993078356365
    },
    "intercept": 0,
    "metrics": {
        "train_rmse": 442.8556081376481,
        "test_rmse": 27790.041988563728,
        "train_r2": 0.9999671188811945,
        "test_r2": 0.8993150469920693,
        "train_mae": 314.14061074637533,
        "test_mae": 16610.67252350649
    },
    "model_type": "Gradient Boosting",
    "num_features": 48
}